{
  "total_scenes_played": 43,
  "scene_play_counts": {
    "test.json": 41,
    "intro.json": 2
  },
  "total_uptime": 330583.43602752686,
  "last_start_time": 1752009330.4715037
}